seed,image_size,norm,initialization,split_hash,run,best_epoch,epochs_completed,stopping_reason,training_loop_seconds,val_accuracy,val_macro_f1,val_balanced_accuracy,val_recall_AnnualCrop,val_recall_Forest,val_recall_HerbaceousVegetation,val_recall_Highway,val_recall_Industrial,val_recall_Pasture,val_recall_PermanentCrop,val_recall_Residential,val_recall_River,val_recall_SeaLake,test_accuracy,test_macro_f1,test_balanced_accuracy,test_recall_AnnualCrop,test_recall_Forest,test_recall_HerbaceousVegetation,test_recall_Highway,test_recall_Industrial,test_recall_Pasture,test_recall_PermanentCrop,test_recall_Residential,test_recall_River,test_recall_SeaLake
123,224,batch,imagenet,314a000080506dac74ddf07a196d1d76311f847418149073f17c9628e901e7bf,imagenet_batch_224_seed123,10,20,early_stopping,1511.3561199179967,0.9859259259259259,0.9854625941989493,0.9852444444444444,0.9844444444444445,1.0,0.9666666666666667,0.992,0.984,0.9733333333333334,0.9706666666666667,1.0,0.9813333333333333,1.0,0.9866666666666667,0.9860884522509836,0.9859555555555556,0.9755555555555555,1.0,0.98,0.984,0.9786666666666667,0.9733333333333334,0.976,1.0,0.992,1.0
2024,224,batch,imagenet,314a000080506dac74ddf07a196d1d76311f847418149073f17c9628e901e7bf,imagenet_batch_224_seed2024,15,25,early_stopping,1942.3254691000038,0.9891358024691358,0.9888779711096489,0.9884444444444445,0.9911111111111112,0.9977777777777778,0.9866666666666667,0.9813333333333333,0.9946666666666667,0.98,0.9706666666666667,0.9977777777777778,0.9866666666666667,0.9977777777777778,0.9903703703703703,0.9899702747059,0.9894666666666667,0.9888888888888889,1.0,0.9933333333333333,0.9946666666666667,0.9893333333333333,0.9733333333333334,0.9626666666666667,0.9977777777777778,0.9946666666666667,1.0
42,224,batch,imagenet,314a000080506dac74ddf07a196d1d76311f847418149073f17c9628e901e7bf,imagenet_batch_224_seed42,24,34,early_stopping,2566.191082259,0.9893827160493828,0.9889604253906542,0.9885555555555555,0.9888888888888889,1.0,0.98,0.9946666666666667,0.992,0.97,0.976,1.0,0.984,1.0,0.9911111111111112,0.9908119158496398,0.9908888888888889,0.9866666666666667,0.9977777777777778,0.9888888888888889,0.9946666666666667,0.9893333333333333,0.9933333333333333,0.9653333333333334,0.9977777777777778,0.9973333333333333,0.9977777777777778
123,64,batch,imagenet,314a000080506dac74ddf07a196d1d76311f847418149073f17c9628e901e7bf,imagenet_batch_64_seed123,20,30,early_stopping,554.718298189,0.9807407407407407,0.98019733513574,0.9801777777777778,0.9733333333333334,0.9977777777777778,0.9733333333333334,0.9733333333333334,0.992,0.9733333333333334,0.968,0.9911111111111112,0.9706666666666667,0.9888888888888889,0.9837037037037037,0.9831069577091947,0.9834444444444443,0.9622222222222222,1.0,0.9755555555555555,0.9893333333333333,0.9893333333333333,0.9766666666666667,0.9653333333333334,0.9888888888888889,0.9893333333333333,0.9977777777777778
2024,64,batch,imagenet,314a000080506dac74ddf07a196d1d76311f847418149073f17c9628e901e7bf,imagenet_batch_64_seed2024,20,30,early_stopping,554.7601404189991,0.980246913580247,0.9795590718113854,0.9794222222222222,0.9688888888888889,0.9955555555555555,0.9711111111111111,0.96,0.9866666666666667,0.9666666666666667,0.9786666666666667,1.0,0.9733333333333334,0.9933333333333333,0.9839506172839506,0.9834069384495446,0.9835555555555555,0.9666666666666667,1.0,0.98,0.984,0.9866666666666667,0.98,0.9653333333333334,0.9911111111111112,0.984,0.9977777777777778
42,64,batch,imagenet,314a000080506dac74ddf07a196d1d76311f847418149073f17c9628e901e7bf,imagenet_batch_64_seed42,16,26,early_stopping,481.36543939699914,0.9812345679012345,0.9806803948542393,0.980488888888889,0.9733333333333334,0.9933333333333333,0.9688888888888889,0.968,0.992,0.9666666666666667,0.9706666666666667,0.9977777777777778,0.9786666666666667,0.9955555555555555,0.9819753086419754,0.9814471844221103,0.9814444444444446,0.9622222222222222,0.9955555555555555,0.98,0.9866666666666667,0.984,0.97,0.9706666666666667,0.9866666666666667,0.9786666666666667,1.0
123,96,batch,imagenet,314a000080506dac74ddf07a196d1d76311f847418149073f17c9628e901e7bf,imagenet_batch_96_seed123,11,21,early_stopping,475.3474161500053,0.9834567901234568,0.9829885704618446,0.9822,0.9866666666666667,0.9977777777777778,0.98,0.9733333333333334,0.9973333333333333,0.9566666666666667,0.9546666666666667,0.9933333333333333,0.9866666666666667,0.9955555555555555,0.9869135802469136,0.9863588316460422,0.9860888888888889,0.9755555555555555,1.0,0.9866666666666667,0.9946666666666667,0.9946666666666667,0.9666666666666667,0.9573333333333334,0.9955555555555555,0.992,0.9977777777777778
2024,96,batch,imagenet,314a000080506dac74ddf07a196d1d76311f847418149073f17c9628e901e7bf,imagenet_batch_96_seed2024,24,34,early_stopping,771.4764743449996,0.9876543209876543,0.9873663503608648,0.9868888888888889,0.9777777777777777,1.0,0.9866666666666667,0.9866666666666667,0.9946666666666667,0.9733333333333334,0.968,0.9977777777777778,0.984,1.0,0.9869135802469136,0.986327089407473,0.9863333333333333,0.9644444444444444,0.9977777777777778,0.9866666666666667,0.9946666666666667,0.9893333333333333,0.97,0.9706666666666667,0.9977777777777778,0.992,1.0
42,96,batch,imagenet,314a000080506dac74ddf07a196d1d76311f847418149073f17c9628e901e7bf,imagenet_batch_96_seed42,21,31,early_stopping,703.9593207279977,0.9851851851851852,0.9846491773744219,0.9845555555555554,0.9777777777777777,1.0,0.9711111111111111,0.9813333333333333,0.9946666666666667,0.97,0.9706666666666667,0.9955555555555555,0.9866666666666667,0.9977777777777778,0.9854320987654321,0.9849817366073559,0.9849777777777777,0.9733333333333334,0.9977777777777778,0.9866666666666667,0.9946666666666667,0.992,0.98,0.9573333333333334,0.9888888888888889,0.9813333333333333,0.9977777777777778
123,96,batch,scratch,314a000080506dac74ddf07a196d1d76311f847418149073f17c9628e901e7bf,scratch_batch_96_seed123,30,40,early_stopping,906.0736920330019,0.9661728395061728,0.9652636949516452,0.9652000000000001,0.9422222222222222,0.9822222222222222,0.9577777777777777,0.984,0.984,0.94,0.936,0.9822222222222222,0.9546666666666667,0.9888888888888889,0.965925925925926,0.9645666438594134,0.9649999999999999,0.94,0.9777777777777777,0.9577777777777777,0.9786666666666667,0.9786666666666667,0.95,0.9093333333333333,0.9866666666666667,0.9733333333333334,0.9977777777777778
2024,96,batch,scratch,314a000080506dac74ddf07a196d1d76311f847418149073f17c9628e901e7bf,scratch_batch_96_seed2024,37,47,early_stopping,1064.136672116998,0.9688888888888889,0.9680123001256025,0.9676222222222222,0.9511111111111111,0.9888888888888889,0.9644444444444444,0.9706666666666667,0.9813333333333333,0.9433333333333334,0.9333333333333333,0.9866666666666667,0.9653333333333334,0.9911111111111112,0.9703703703703703,0.9694456297951172,0.9693111111111111,0.9666666666666667,0.9866666666666667,0.9555555555555556,0.9706666666666667,0.976,0.9633333333333334,0.92,0.9933333333333333,0.9653333333333334,0.9955555555555555
42,96,batch,scratch,314a000080506dac74ddf07a196d1d76311f847418149073f17c9628e901e7bf,scratch_batch_96_seed42,37,47,early_stopping,1064.3356844489972,0.9706172839506173,0.969583526482728,0.9698444444444444,0.9511111111111111,0.9911111111111112,0.9533333333333334,0.9706666666666667,0.984,0.9566666666666667,0.952,0.9955555555555555,0.9573333333333334,0.9866666666666667,0.9698765432098766,0.968684025380071,0.9684222222222221,0.9622222222222222,0.9844444444444445,0.9622222222222222,0.9733333333333334,0.9706666666666667,0.95,0.936,0.9955555555555555,0.952,0.9977777777777778
123,96,group,scratch,314a000080506dac74ddf07a196d1d76311f847418149073f17c9628e901e7bf,scratch_group_96_seed123,22,32,early_stopping,737.4378986900047,0.9439506172839506,0.9423767254856351,0.9418888888888889,0.9266666666666666,0.9822222222222222,0.94,0.9173333333333333,0.9546666666666667,0.9233333333333333,0.896,0.9755555555555555,0.9253333333333333,0.9777777777777777,0.9545679012345679,0.9532367868656797,0.9531777777777778,0.9511111111111111,0.9911111111111112,0.9533333333333334,0.9333333333333333,0.9573333333333334,0.9766666666666667,0.8693333333333333,0.9844444444444445,0.9306666666666666,0.9844444444444445
2024,96,group,scratch,314a000080506dac74ddf07a196d1d76311f847418149073f17c9628e901e7bf,scratch_group_96_seed2024,26,36,early_stopping,831.9851472999944,0.9491358024691358,0.9481123407550849,0.9479555555555557,0.8977777777777778,0.9866666666666667,0.9155555555555556,0.952,0.968,0.9133333333333333,0.9333333333333333,0.9933333333333333,0.944,0.9755555555555555,0.9538271604938272,0.9526358745797163,0.9528666666666666,0.9111111111111111,0.9888888888888889,0.9355555555555556,0.9493333333333334,0.9706666666666667,0.95,0.904,0.9866666666666667,0.9413333333333334,0.9911111111111112
42,96,group,scratch,314a000080506dac74ddf07a196d1d76311f847418149073f17c9628e901e7bf,scratch_group_96_seed42,27,37,early_stopping,854.3328272409999,0.945925925925926,0.9447435999130489,0.9440444444444445,0.9377777777777778,0.9688888888888889,0.9088888888888889,0.9466666666666667,0.9733333333333334,0.92,0.9146666666666666,0.9955555555555555,0.888,0.9866666666666667,0.9508641975308642,0.9497592272486735,0.9494888888888887,0.9355555555555556,0.9822222222222222,0.9244444444444444,0.9546666666666667,0.96,0.95,0.8986666666666666,0.9844444444444445,0.9093333333333333,0.9955555555555555
