epoch,train_loss,val_loss,train_accuracy,val_accuracy,lr
1,0.22907653482975784,0.10337106555700303,0.9275132275132275,0.9669135802469135,0.0001
2,0.10725838928941696,0.0795949723350781,0.9644444444444444,0.9735802469135802,0.0001
3,0.07804994044657895,0.09825283265132227,0.9748677248677249,0.965679012345679,0.0001
4,0.07207152664188354,0.08857940387578658,0.976031746031746,0.9701234567901235,0.0001
5,0.059506916465661516,0.06618573998227531,0.9805291005291006,0.9750617283950618,0.0001
6,0.049538181214125225,0.060963354933041114,0.9833862433862434,0.9787654320987654,0.0001
7,0.049034243879849636,0.06499016230948913,0.9832275132275132,0.9787654320987654,0.0001
8,0.03727920797579582,0.05165630158278401,0.9878835978835979,0.9841975308641975,0.0001
9,0.0449789698586538,0.06120573884451095,0.9855555555555555,0.9804938271604938,0.0001
10,0.034954236143579086,0.06207014130198477,0.9882539682539683,0.980246913580247,0.0001
11,0.029677825658557512,0.060764302701033925,0.9901587301587301,0.977037037037037,0.0001
12,0.018282421695576024,0.046458865095987734,0.993968253968254,0.9864197530864197,5e-05
13,0.013511787293276813,0.05068810000958174,0.996031746031746,0.985679012345679,5e-05
14,0.010181956537124557,0.06396386953266223,0.9968783068783069,0.9797530864197531,5e-05
15,0.013195262777005574,0.04925054468984865,0.9953439153439153,0.9849382716049383,5e-05
16,0.00639787075483048,0.04575862927644019,0.997989417989418,0.9854320987654321,2.5e-05
