epoch,lr,epoch_seconds,train_loss,train_accuracy,train_macro_f1,train_balanced_accuracy,val_loss,val_accuracy,val_macro_f1,val_balanced_accuracy
1,0.001,22.80826923600398,1.0908324214390346,0.6131216931216931,0.5981521953531286,0.6033904761904763,1.150149836599091,0.6032098765432099,0.5637476668751056,0.6023555555555555
2,0.001,22.548397651000414,0.7524281298041975,0.7330687830687831,0.7228189659204256,0.7253142857142857,1.4415473238038428,0.6066666666666667,0.5757165590437656,0.5995777777777777
3,0.001,22.610636395002075,0.6001099135636022,0.7906349206349207,0.7831210861097259,0.7842190476190477,0.6778755273495192,0.7637037037037037,0.752285922122829,0.7554444444444445
4,0.001,22.694778001998202,0.5092126750315308,0.8252910052910053,0.8197894099418749,0.8205047619047618,0.4981674128991586,0.8214814814814815,0.8183348987786456,0.8197555555555557
5,0.001,22.654173172995797,0.430895620653869,0.8516402116402116,0.8471355837524387,0.8473952380952381,0.3713221855811131,0.8617283950617284,0.8574908614058231,0.8544888888888889
6,0.001,22.480103239999153,0.368532788267842,0.8728042328042328,0.8697272555685881,0.8696857142857144,0.4133834369977315,0.8567901234567902,0.8518662513768271,0.8534666666666666
7,0.001,22.521711294997658,0.3166245475837163,0.8905291005291005,0.888211355631699,0.8882333333333333,0.2943286803622305,0.9022222222222223,0.8977410372577707,0.8976
8,0.001,22.546754347997194,0.28161963783559346,0.9024867724867724,0.9007246794044498,0.9005761904761904,0.2561313220748195,0.9135802469135802,0.9120432314933634,0.9116444444444444
9,0.001,22.56600387999788,0.2564906144709814,0.9125925925925926,0.9110055371769674,0.9107904761904762,0.2099986747385543,0.928641975308642,0.927034557841985,0.9275777777777776
10,0.001,22.464659085002495,0.24111605972524675,0.9180952380952381,0.9165980738046041,0.9164761904761904,0.3672802241422512,0.8669135802469136,0.8679217923526691,0.8677555555555555
11,0.001,22.669520492003358,0.2091198526929926,0.9275132275132275,0.9263707497925049,0.9263095238095239,0.8374210063322091,0.8066666666666666,0.7896243290037401,0.8089333333333333
12,0.001,22.654872151004383,0.2027701389221918,0.932063492063492,0.9309813646203045,0.9309380952380952,0.3137900541741171,0.894320987654321,0.892709811558154,0.8960444444444444
13,0.0005,22.57708144299977,0.13282403472002852,0.954021164021164,0.9531408478609655,0.9531904761904763,0.1606833615567949,0.9432098765432099,0.9424081124979604,0.9418444444444445
14,0.0005,22.57698853000329,0.11786790372793952,0.961005291005291,0.9603160727308518,0.9599952380952382,0.14731365190611945,0.9474074074074074,0.9464834066983474,0.9452666666666667
15,0.0005,22.612201125994034,0.11466116180732136,0.9598941798941799,0.9590946415552482,0.9588761904761904,0.290758670018411,0.908641975308642,0.9050446992594798,0.901688888888889
16,0.0005,22.61171289900085,0.12496716859794799,0.9574074074074074,0.956680248601289,0.956704761904762,0.16269569943716497,0.9446913580246914,0.944263579231387,0.9442666666666666
17,0.0005,22.458557327998278,0.10330883945343355,0.9657142857142857,0.9652620062625829,0.9649666666666666,0.17837632486849656,0.9387654320987654,0.9377044534762004,0.9391777777777779
18,0.00025,22.53506352000113,0.07682431738922205,0.9737566137566137,0.9732827411137162,0.973147619047619,0.13164071522377155,0.9555555555555556,0.9542661819114402,0.9534444444444444
19,0.00025,22.351661738000985,0.06607228825923311,0.976931216931217,0.9764557779946446,0.9763761904761903,0.11645040416423186,0.9617283950617284,0.9611107123931223,0.9609777777777777
20,0.00025,22.55870861600124,0.06483281236437578,0.9770899470899471,0.9767461253457815,0.9766238095238094,0.32674212959077625,0.9059259259259259,0.9054203119441244,0.9097555555555555
21,0.00025,22.36467623799399,0.057506137348948015,0.9797354497354497,0.9794009546381977,0.9793285714285715,0.1316714189523532,0.957037037037037,0.9563674640953679,0.9565111111111111
22,0.00025,22.59752154200396,0.05930327274595146,0.9784656084656085,0.9781891893800434,0.978147619047619,0.1284448606732451,0.9580246913580247,0.9571183226350899,0.9564444444444444
23,0.000125,23.08341868899879,0.04791637984740119,0.9832275132275132,0.9829108510485322,0.9828952380952382,0.10933516300018922,0.9641975308641976,0.9629824272414955,0.9616666666666666
24,0.000125,22.545614054994076,0.04285013805256871,0.9852380952380952,0.98497285447805,0.9849142857142856,0.11226978720338256,0.9649382716049383,0.9640776410884845,0.9632444444444446
25,0.000125,22.463716818994726,0.03744881215273703,0.9873015873015873,0.9870819917574911,0.9869714285714284,0.1221925501893332,0.9622222222222222,0.9613237968991694,0.9603777777777778
26,0.000125,22.813369499002874,0.03708362767862146,0.9883597883597883,0.9881575593525742,0.9881238095238096,0.1138842065025259,0.9612345679012345,0.9607186878030918,0.9607111111111111
27,6.25e-05,22.659322954001254,0.02961260141045959,0.99,0.9898899419431917,0.9898380952380952,0.10537233012647908,0.9666666666666667,0.9660150335385949,0.9656444444444446
28,6.25e-05,22.491415108001092,0.028387143091747054,0.9906349206349206,0.9904189200807327,0.9903333333333333,0.11174015224255897,0.962716049382716,0.9619759836023153,0.9617777777777778
29,6.25e-05,22.51434905899805,0.026763276450395113,0.9904232804232804,0.9903214376279846,0.9903333333333333,0.10977664110285265,0.9637037037037037,0.9630104598181031,0.9628666666666668
30,6.25e-05,22.63988036200317,0.027571874809963873,0.9914814814814815,0.991247052772569,0.9911190476190477,0.12352347657866317,0.9629629629629629,0.9622882049975038,0.9615777777777778
31,3.125e-05,22.693068847001996,0.02412065932063987,0.9927513227513227,0.9926469725367495,0.9926428571428569,0.10428171985771185,0.9691358024691358,0.9684951918267781,0.9682222222222222
32,3.125e-05,22.508932892000303,0.02149107049505113,0.992010582010582,0.9918674479878102,0.9917238095238095,0.10469844670575341,0.9649382716049383,0.9641320334060621,0.9642666666666665
33,3.125e-05,22.60698358999798,0.02207509969055613,0.993015873015873,0.9927957805557706,0.9928190476190476,0.10574064105841113,0.9664197530864198,0.9656742798902043,0.9651111111111111
34,3.125e-05,22.43234565899911,0.018881611159199445,0.9941798941798942,0.9941149971043798,0.9940380952380952,0.10457501437377047,0.9681481481481482,0.9673370701392721,0.9668444444444445
35,1.5625e-05,22.474334311002167,0.017802995923837578,0.9941798941798942,0.994079745921038,0.9940999999999999,0.10503634057801078,0.9683950617283951,0.967533441635025,0.9669111111111113
36,1.5625e-05,22.619727285004046,0.019912429077540914,0.9935449735449735,0.9934633778789459,0.9933476190476191,0.10456109379084758,0.9693827160493828,0.9685517363984635,0.9682000000000001
37,1.5625e-05,22.420673648004595,0.019066174833138508,0.9948148148148148,0.9947288983879291,0.9946904761904761,0.10373384236277622,0.9688888888888889,0.9680123001256025,0.9676222222222222
38,1.5625e-05,22.64139006700134,0.01944509043446964,0.9934391534391535,0.993342831960061,0.9933142857142856,0.10659723783072866,0.9676543209876544,0.9668078949298149,0.9662
39,1.5625e-05,22.70844813900476,0.019220462891361898,0.9936507936507937,0.9935465280718041,0.9935428571428572,0.10671761370367475,0.9691358024691358,0.9682965691058267,0.9678666666666669
40,1.5625e-05,22.992912451001757,0.015868169664080063,0.995026455026455,0.9949478594241189,0.9948809523809524,0.10554514458242022,0.9686419753086419,0.9678629903781605,0.9673111111111112
41,7.8125e-06,22.635693775002437,0.017745334276616592,0.9943386243386243,0.9942228895708839,0.9942238095238096,0.10928228816247465,0.9688888888888889,0.9680750459820022,0.9673777777777778
42,7.8125e-06,22.548831831001735,0.016842273558248525,0.9947089947089947,0.9945904443703537,0.9945952380952381,0.10437875216458867,0.9679012345679012,0.967064332850797,0.9662000000000001
43,7.8125e-06,22.673156999997445,0.017251402606778637,0.9955026455026456,0.9953998382282243,0.9952904761904764,0.10998822009305895,0.9671604938271605,0.9663478140287692,0.9658444444444445
44,3.90625e-06,22.74787403299706,0.018884308580826552,0.9939153439153439,0.9938639600594673,0.9939666666666668,0.10636521231613041,0.9679012345679012,0.9671072090788663,0.966488888888889
45,3.90625e-06,22.41340311300155,0.014831933047494323,0.9953439153439153,0.9952405962700753,0.9952238095238096,0.10432815064296679,0.9681481481481482,0.9673695673180575,0.9668666666666667
46,3.90625e-06,22.679065259006165,0.01594286844454627,0.9953439153439153,0.9952874142326685,0.9952666666666667,0.10496612880080018,0.9688888888888889,0.9681411426732074,0.9675777777777779
47,1.953125e-06,22.67657968000276,0.015271063741289139,0.9954497354497355,0.9953235700125918,0.9952666666666667,0.10646380494751129,0.9696296296296296,0.9688022318133852,0.9684222222222223
